{
	"biome": "biomesoplenty:phantasmagoric_inferno",
	"generationWeight": 6,
	"useDefaultDecorations": true,
	"isSubBiome": false,
	"blocks": {},
	"entities": [
		{
			"spawnWeight": 50,
			"minimumGroupCount": 4,
			"maximumGroupCount": 4,
			"entity": "minecraft:ghast"
		}, 
		{
			"spawnWeight": 100,
			"minimumGroupCount": 4,
			"maximumGroupCount": 4,
			"entity": "minecraft:zombie_pigman"
		}, 
		{
			"spawnWeight": 2,
			"minimumGroupCount": 4,
			"maximumGroupCount": 4,
			"entity": "minecraft:magma_cube"
		}, 
		{
			"spawnWeight": 1,
			"minimumGroupCount": 4,
			"maximumGroupCount": 4,
			"entity": "minecraft:enderman"
		}, 
		{
			"spawnWeight": 8,
			"minimumGroupCount": 1,
			"maximumGroupCount": 3,
			"entity": "mysticalworld:entity_hell_sprout"
		}, 
		{
			"spawnWeight": 2,
			"minimumGroupCount": 1,
			"maximumGroupCount": 1,
			"entity": "mysticalworld:entity_lava_cat"
		}, 
		{
			"spawnWeight": 30,
			"minimumGroupCount": 4,
			"maximumGroupCount": 8,
			"entity": "mod_lavacow:salamander"
		}, 
		{
			"spawnWeight": 5,
			"minimumGroupCount": 1,
			"maximumGroupCount": 2,
			"entity": "minecraft:blaze"
		}, 
		{
			"spawnWeight": 4,
			"minimumGroupCount": 1,
			"maximumGroupCount": 2,
			"entity": "quark:foxhound"
		}, 
		{
			"spawnWeight": 60,
			"minimumGroupCount": 4,
			"maximumGroupCount": 6,
			"entity": "quark:wraith"
		}, 
		{
			"spawnWeight": 10,
			"minimumGroupCount": 1,
			"maximumGroupCount": 1,
			"entity": "thaumcraft:pech"
		}, 
		{
			"spawnWeight": 10,
			"minimumGroupCount": 1,
			"maximumGroupCount": 2,
			"entity": "thaumcraft:firebat"
		}, 
		{
			"spawnWeight": 5,
			"minimumGroupCount": 1,
			"maximumGroupCount": 1,
			"entity": "thaumcraft:wisp"
		}, 
		{
			"spawnWeight": 8,
			"minimumGroupCount": 4,
			"maximumGroupCount": 6,
			"entity": "natura:nitrocreeper"
		}, 
		{
			"spawnWeight": 2,
			"minimumGroupCount": 2,
			"maximumGroupCount": 4,
			"entity": "mysticalworld:entity_sprout"
		}, 
		{
			"spawnWeight": 9,
			"minimumGroupCount": 1,
			"maximumGroupCount": 3,
			"entity": "mysticalworld:entity_owl"
		}, 
		{
			"spawnWeight": 10,
			"minimumGroupCount": 8,
			"maximumGroupCount": 12,
			"entity": "natura:imp"
		}
	],
	"traits": [],
	"subBiomes": []
}